-- phpMyAdmin SQL Dump
-- version 5.2.1
-- https://www.phpmyadmin.net/
--
-- 主機： 127.0.0.1
-- 產生時間： 2026-05-02 17:55:15
-- 伺服器版本： 10.4.32-MariaDB
-- PHP 版本： 8.0.30

SET SQL_MODE = "NO_AUTO_VALUE_ON_ZERO";
START TRANSACTION;
SET time_zone = "+00:00";


/*!40101 SET @OLD_CHARACTER_SET_CLIENT=@@CHARACTER_SET_CLIENT */;
/*!40101 SET @OLD_CHARACTER_SET_RESULTS=@@CHARACTER_SET_RESULTS */;
/*!40101 SET @OLD_COLLATION_CONNECTION=@@COLLATION_CONNECTION */;
/*!40101 SET NAMES utf8mb4 */;

--
-- 資料庫： `sa_project`
--

-- --------------------------------------------------------

--
-- 資料表結構 `cafe_hours`
--

CREATE TABLE `cafe_hours` (
  `hour_id` int(11) NOT NULL,
  `cafe_id` int(11) NOT NULL,
  `day_of_week` tinyint(4) DEFAULT NULL COMMENT '1=一, 7=日',
  `open_time` time DEFAULT NULL,
  `close_time` time DEFAULT NULL,
  `is_closed` tinyint(1) DEFAULT 0
) ENGINE=InnoDB DEFAULT CHARSET=utf8mb4 COLLATE=utf8mb4_general_ci;

--
-- 傾印資料表的資料 `cafe_hours`
--

INSERT INTO `cafe_hours` (`hour_id`, `cafe_id`, `day_of_week`, `open_time`, `close_time`, `is_closed`) VALUES
(1, 1, 1, '08:00:00', '14:00:00', 0),
(2, 1, 2, '08:00:00', '14:00:00', 0),
(3, 1, 3, '08:00:00', '14:00:00', 0),
(4, 1, 4, '08:00:00', '14:00:00', 0),
(5, 1, 5, NULL, NULL, 1),
(6, 1, 6, NULL, NULL, 1),
(7, 1, 7, NULL, NULL, 1);

-- --------------------------------------------------------

--
-- 資料表結構 `cafe_shop`
--

CREATE TABLE `cafe_shop` (
  `id` int(11) NOT NULL,
  `name` varchar(100) NOT NULL COMMENT '店名',
  `address` varchar(255) DEFAULT NULL COMMENT '地址',
  `phone` varchar(20) DEFAULT NULL COMMENT '電話',
  `opening_hours` varchar(255) DEFAULT NULL COMMENT '營業時間',
  `distance_meters` int(11) DEFAULT NULL COMMENT '距離(公尺)',
  `rating` decimal(2,1) DEFAULT NULL COMMENT '評價 (1.0-5.0)',
  `min_consumption` int(11) DEFAULT 0 COMMENT '最低消費金額',
  `latitude` decimal(10,8) DEFAULT NULL,
  `longitude` decimal(11,8) DEFAULT NULL
) ENGINE=InnoDB DEFAULT CHARSET=utf8mb4 COLLATE=utf8mb4_general_ci;

--
-- 傾印資料表的資料 `cafe_shop`
--

INSERT INTO `cafe_shop` (`id`, `name`, `address`, `phone`, `opening_hours`, `distance_meters`, `rating`, `min_consumption`, `latitude`, `longitude`) VALUES
(1, '輔大一粒麥-舒德門市', '242新北市新莊區三泰路88號', '02 2905 5239', '08:00–14:00\r\n', 179, 4.3, 0, 25.03410000, 121.43210000),
(2, '哈姆喫茶 hamu kissa', '242新北市新莊區中正路514巷25號', '0229042722', '14:00–20:00', 144, 4.9, 100, 25.03410000, 121.43210000),
(3, '工寓咖啡 café industry', '242新北市新莊區中正路593號2樓', '0229040024', '11:00–21:00', 133, 4.3, 110, 25.03260000, 121.43350000),
(4, '楓橋', '242新北市新莊區中正路496號', '0229062186', '10:30–22:30', 199, 4.6, 80, 25.03540000, 121.43150000),
(5, '彼得好咖啡 新莊輔大店', '242新北市新莊區福營路183號1樓', '0229080158', '07:30–17:30', 328, 4.6, 0, 25.03150000, 121.43480000),
(6, '輔大一粒麥-國璽門市', '242新北市新莊區三泰路88號', '0229055239', '08:00–14:00', 955, 3.8, 0, 25.03750000, 121.43050000),
(7, '每一杯咖啡', '242新北市新莊區中正路510號內聖言樓B1', '0229056533', '10:30–18:00', 386, 4.2, 0, 25.03580000, 121.43280000),
(8, 'STARBUCKS 星巴克 (新莊尚德門市)', '242新北市新莊區中正路518號', '0229019826', '07:30–20:30', 210, 4.1, 0, 25.03520000, 121.43320000),
(9, 'Louisa Coffee 路易莎咖啡(輔大烘豆概念門市)', '242新北市新莊區建國一路55號', '0229012570', '08:00–21:00', 260, 3.8, 0, 25.03120000, 121.43540000),
(10, '餐旅系生活午茶', '242新北市新莊區中正路510號', '0229053500', '12:00–17:30', 219, 4.6, 0, 25.03620000, 121.43250000),
(172, '丰錞咖啡所', '新北市新莊區中港路307號', '02-2990-1234', '10:00-21:00', 1500, 4.5, 100, 25.04523300, 121.45180600),
(173, '擼貓 (中途貓之家)', '新北市新莊區中興街5號', '02-2998-5555', '11:00-21:00', 1800, 4.8, 150, 25.03512800, 121.45235600),
(174, '客美多咖啡 新莊幸福店', '新北市新莊區幸福路736號1樓', '02-2997-6789', '07:30-22:00', 2500, 4.2, 100, 25.05018900, 121.44851200),
(175, 'May i COFFEE you? 美艾咖啡友', '新北市新莊區中港路723號', '02-2276-2270', '10:00-20:00', 3200, 4.6, 120, 25.05892100, 121.44723400),
(176, '目黑咖啡', '新北市新莊區思源路419巷3號', '02-8992-0000', '10:00-18:00', 2800, 4.7, 150, 25.04654400, 121.46012200),
(177, 'Meteore Labo', '新北市新莊區中港路687號', '02-8522-8997', '08:00-20:00', 3100, 4.5, 130, 25.05753300, 121.44751100),
(178, '漂夢島甜點工作室', '新北市新莊區五權一路12巷9弄5號', '02-2290-0001', '11:00-18:00', 4500, 4.9, 200, 25.06321100, 121.45552200),
(179, '續命咖啡', '新北市新莊區建國二路87號', '0912-345-678', '10:30-17:00', 500, 4.4, 80, 25.03154400, 121.43256600),
(180, '何止', '新北市新莊區新興街27巷2號', '02-2277-0002', '12:00-18:00', 1700, 4.6, 160, 25.03451100, 121.45123300),
(181, '林椐咖啡', '新北市新莊區中正路新生巷55號', '02-2908-0003', '10:00-19:00', 2200, 4.7, 150, 25.02556600, 121.41957700),
(182, '山林咖啡', '新北市新莊區民安路278號', '02-2204-0004', '11:00-20:00', 2800, 4.3, 100, 25.02113300, 121.42554400),
(183, '艸堂咖啡', '新北市新莊區中港路309巷3號', '02-2996-0005', '12:00-19:00', 1600, 4.4, 110, 25.04581100, 121.45152200),
(184, '來福咖啡 Laifu coffee', '新北市新莊區建安街40巷22號', '02-2203-0006', '13:00-21:00', 2400, 4.5, 120, 25.02453300, 121.42881100),
(185, '日豐企業行', '新北市新莊區中華路二段33號', '02-2990-0007', '11:00-19:00', 2100, 4.7, 150, 25.04882200, 121.45334400),
(186, 'D\'or caf\'e 兜咖啡', '新北市新莊區五工路66號', '02-8522-0008', '11:00-18:00', 4200, 4.1, 180, 25.06151100, 121.45992200),
(187, '工寓咖啡', '新北市新莊區中正路593號2樓', '02-2908-0009', '12:00-20:00', 300, 4.3, 100, 25.03354400, 121.42991100),
(188, 'M&Y CAFE', '新北市新莊區中原東路135號', '02-8522-0010', '10:00-19:00', 3800, 4.4, 150, 25.05553300, 121.46112200),
(189, '反轉點咖啡', '新北市新莊區龍安路254巷1號', '02-2204-0011', '11:00-19:00', 2500, 4.2, 130, 25.02051100, 121.41883300),
(190, '山納斯咖啡', '新北市新莊區新泰路406號', '02-2901-0012', '12:00-20:00', 1800, 4.3, 120, 25.04321100, 121.44882200),
(191, '倆口早午餐', '新北市新莊區新豐街21號', '02-2277-0013', '09:00-17:00', 1500, 4.4, 150, 25.03661100, 121.44992200),
(192, '怪獸天團珈琲所', '新北市新莊區公園路160號', '02-2992-0014', '11:00-20:00', 1800, 4.6, 140, 25.04112200, 121.44883300),
(193, '星河咖啡', '新北市新莊區中港一街128號', '02-2993-0015', '13:00-22:00', 2000, 4.5, 100, 25.04771100, 121.45112200),
(194, '禾豐珈琲館', '新北市新莊區德行街17號', '02-2904-0016', '10:00-18:00', 1200, 4.2, 120, 25.03991100, 121.43882200),
(195, 'Paws Cafe', '新北市新莊區化成路375號', '02-8521-0017', '11:00-19:00', 4000, 4.3, 150, 25.04883300, 121.46552200),
(196, '朝暮豆行', '新北市新莊區中榮街82號', '02-2279-0018', '11:30-20:00', 2600, 4.6, 100, 25.05112200, 121.45223300),
(197, '布納咖啡館', '新北市新莊區中正路243號', '02-2202-0019', '10:00-22:00', 1600, 4.1, 200, 25.03551100, 121.45012200),
(198, '左轉靠右', '新北市新莊區大觀街42巷13號', '02-2276-0020', '14:00-00:00', 1400, 4.4, 150, 25.03221100, 121.44773300),
(199, '聊寓 La Vio', '新北市新莊區思源路678號', '02-8991-0021', '09:00-18:00', 2700, 4.5, 160, 25.04551100, 121.45992200),
(200, 'Queen SHOP Lifestore', '新北市新莊區中正路516-7號', '02-2901-0022', '11:00-21:00', 200, 4.2, 120, 25.03051100, 121.42882200),
(201, '龍火 Panacea', '新北市新莊區中正路603號', '02-2995-0023', '18:00-02:00', 300, 4.7, 200, 25.03311100, 121.42852200),
(202, '獨角獸 unicorn', '新北市新莊區頭前路181號', '02-8522-0024', '12:00-22:00', 3900, 4.4, 180, 25.05112200, 121.46223300);

-- --------------------------------------------------------

--
-- 資料表結構 `label`
--

CREATE TABLE `label` (
  `cafe_id` int(11) NOT NULL,
  `name` varchar(100) NOT NULL,
  `插座` tinyint(1) NOT NULL DEFAULT 0,
  `不限時` tinyint(1) NOT NULL DEFAULT 0,
  `停車位` tinyint(1) NOT NULL DEFAULT 0,
  `wifi` tinyint(1) NOT NULL DEFAULT 0,
  `戶外座位` tinyint(1) NOT NULL DEFAULT 0,
  `甜點` tinyint(1) NOT NULL DEFAULT 0,
  `廁所` tinyint(1) NOT NULL DEFAULT 0,
  `低消` int(10) DEFAULT NULL,
  `室內座位` tinyint(1) DEFAULT 0
) ENGINE=InnoDB DEFAULT CHARSET=utf8mb4 COLLATE=utf8mb4_general_ci;

--
-- 傾印資料表的資料 `label`
--

INSERT INTO `label` (`cafe_id`, `name`, `插座`, `不限時`, `停車位`, `wifi`, `戶外座位`, `甜點`, `廁所`, `低消`, `室內座位`) VALUES
(1, '輔大一粒麥-舒德門市', 0, 0, 1, 1, 0, 1, 1, 0, 0),
(2, '哈姆喫茶 hamu kissa', 1, 1, 0, 1, 0, 1, 1, NULL, 1),
(3, '工寓咖啡 café industry', 1, 1, 1, 1, 0, 1, 1, NULL, 1),
(4, '楓橋', 0, 0, 0, 1, 0, 1, 1, NULL, 1),
(5, '彼得好咖啡 新莊輔大店', 1, 1, 1, 1, 0, 1, 1, NULL, 1),
(6, '輔大一粒麥-國璽門市', 0, 0, 1, 1, 0, 1, 1, NULL, 0),
(7, '每一杯咖啡', 0, 0, 1, 1, 0, 1, 1, NULL, 1),
(8, 'STARBUCKS 星巴克 (新莊尚德門市)', 1, 1, 1, 1, 0, 1, 1, NULL, 1),
(9, 'Louisa Coffee 路易莎咖啡(輔大烘豆概念門市)', 1, 1, 1, 1, 0, 1, 1, NULL, 1),
(10, '餐旅系生活午茶', 0, 0, 1, 1, 0, 1, 1, NULL, 1),
(172, '丰錞咖啡所', 1, 1, 0, 1, 0, 1, 1, 100, 1),
(173, '擼貓 (中途貓之家)', 1, 1, 0, 1, 0, 1, 1, 150, 1),
(174, '客美多咖啡 新莊幸福店', 1, 1, 0, 1, 0, 1, 1, 100, 1),
(175, 'May i COFFEE you? 美艾咖啡友', 1, 1, 0, 1, 0, 1, 1, 120, 1),
(176, '目黑咖啡', 1, 1, 0, 1, 0, 1, 1, 150, 1),
(177, 'Meteore Labo', 1, 1, 0, 1, 0, 1, 1, 130, 1),
(178, '漂夢島甜點工作室', 1, 1, 0, 1, 0, 1, 1, 200, 1),
(179, '續命咖啡', 1, 1, 0, 1, 0, 1, 1, 80, 1),
(180, '何止', 1, 1, 0, 1, 0, 1, 1, 160, 1),
(181, '林椐咖啡', 1, 1, 0, 1, 0, 1, 1, 150, 1),
(182, '山林咖啡', 1, 1, 0, 1, 0, 1, 1, 100, 1),
(183, '艸堂咖啡', 1, 1, 0, 1, 0, 1, 1, 110, 1),
(184, '來福咖啡 Laifu coffee', 1, 1, 0, 1, 0, 1, 1, 120, 1),
(185, '日豐企業行', 1, 1, 0, 1, 0, 1, 1, 150, 1),
(186, 'D\'or caf\'e 兜咖啡', 1, 1, 0, 1, 0, 1, 1, 180, 1),
(187, '工寓咖啡', 1, 1, 0, 1, 0, 1, 1, 100, 1),
(188, 'M&Y CAFE', 1, 1, 0, 1, 0, 1, 1, 150, 1),
(189, '反轉點咖啡', 1, 1, 0, 1, 0, 1, 1, 130, 1),
(190, '山納斯咖啡', 1, 1, 0, 1, 0, 1, 1, 120, 1),
(191, '倆口早午餐', 1, 1, 0, 1, 0, 1, 1, 150, 1),
(192, '怪獸天團珈琲所', 1, 1, 0, 1, 0, 1, 1, 140, 1),
(193, '星河咖啡', 1, 1, 0, 1, 0, 1, 1, 100, 1),
(194, '禾豐珈琲館', 1, 1, 0, 1, 0, 1, 1, 120, 1),
(195, 'Paws Cafe', 1, 1, 0, 1, 0, 1, 1, 150, 1),
(196, '朝暮豆行', 1, 1, 0, 1, 0, 1, 1, 100, 1),
(197, '布納咖啡館', 1, 1, 0, 1, 0, 1, 1, 200, 1),
(198, '左轉靠右', 1, 1, 0, 1, 0, 1, 1, 150, 1),
(199, '聊寓 La Vio', 1, 1, 0, 1, 0, 1, 1, 160, 1),
(200, 'Queen SHOP Lifestore', 1, 1, 0, 1, 0, 1, 1, 120, 1),
(201, '龍火 Panacea', 1, 1, 0, 1, 0, 1, 1, 200, 1),
(202, '獨角獸 unicorn', 1, 1, 0, 1, 0, 1, 1, 180, 1);

-- --------------------------------------------------------

--
-- 資料表結構 `users`
--

CREATE TABLE `users` (
  `id` int(11) NOT NULL,
  `google_id` varchar(255) NOT NULL,
  `name` varchar(100) NOT NULL,
  `email` varchar(100) NOT NULL,
  `picture` varchar(255) DEFAULT NULL,
  `created_at` timestamp NOT NULL DEFAULT current_timestamp()
) ENGINE=InnoDB DEFAULT CHARSET=utf8mb4 COLLATE=utf8mb4_general_ci;

--
-- 傾印資料表的資料 `users`
--

INSERT INTO `users` (`id`, `google_id`, `name`, `email`, `picture`, `created_at`) VALUES
(1, '105995060049267727290', 'Anson Lee', 'ansonlee1031@gmail.com', 'https://lh3.googleusercontent.com/a/ACg8ocL1IGzmQxbT7o1OXKyv8YCV0IR8xSIf3Z-LcdvTSRemSnwbaPA=s96-c', '2026-05-02 15:12:51');

--
-- 已傾印資料表的索引
--

--
-- 資料表索引 `cafe_hours`
--
ALTER TABLE `cafe_hours`
  ADD PRIMARY KEY (`hour_id`),
  ADD KEY `cafe_id` (`cafe_id`);

--
-- 資料表索引 `cafe_shop`
--
ALTER TABLE `cafe_shop`
  ADD PRIMARY KEY (`id`),
  ADD KEY `distance_meters` (`distance_meters`);

--
-- 資料表索引 `label`
--
ALTER TABLE `label`
  ADD PRIMARY KEY (`cafe_id`);

--
-- 資料表索引 `users`
--
ALTER TABLE `users`
  ADD PRIMARY KEY (`id`),
  ADD UNIQUE KEY `google_id` (`google_id`),
  ADD UNIQUE KEY `email` (`email`);

--
-- 在傾印的資料表使用自動遞增(AUTO_INCREMENT)
--

--
-- 使用資料表自動遞增(AUTO_INCREMENT) `cafe_hours`
--
ALTER TABLE `cafe_hours`
  MODIFY `hour_id` int(11) NOT NULL AUTO_INCREMENT, AUTO_INCREMENT=8;

--
-- 使用資料表自動遞增(AUTO_INCREMENT) `cafe_shop`
--
ALTER TABLE `cafe_shop`
  MODIFY `id` int(11) NOT NULL AUTO_INCREMENT, AUTO_INCREMENT=203;

--
-- 使用資料表自動遞增(AUTO_INCREMENT) `users`
--
ALTER TABLE `users`
  MODIFY `id` int(11) NOT NULL AUTO_INCREMENT, AUTO_INCREMENT=2;

--
-- 已傾印資料表的限制式
--

--
-- 資料表的限制式 `cafe_hours`
--
ALTER TABLE `cafe_hours`
  ADD CONSTRAINT `cafe_hours_ibfk_1` FOREIGN KEY (`cafe_id`) REFERENCES `cafe_shop` (`id`) ON DELETE CASCADE;

--
-- 資料表的限制式 `label`
--
ALTER TABLE `label`
  ADD CONSTRAINT `label_ibfk_1` FOREIGN KEY (`cafe_id`) REFERENCES `cafe_shop` (`id`) ON DELETE CASCADE;
COMMIT;

/*!40101 SET CHARACTER_SET_CLIENT=@OLD_CHARACTER_SET_CLIENT */;
/*!40101 SET CHARACTER_SET_RESULTS=@OLD_CHARACTER_SET_RESULTS */;
/*!40101 SET COLLATION_CONNECTION=@OLD_COLLATION_CONNECTION */;
